<?xml version="1.0" encoding="utf-8"?>
<!--/1536842/1611583/2.50/48/3/Integrated Circuit/-->
<quadcept_library>
  <setting unit="mil" />
  <textstyle name="Default" height="47.244094488189" strokewidth="7.8740157480315" charwidth="47.244094488189" />
  <textstyle name="Dimension" height="19.6850393700787" strokewidth="0" charwidth="19.6850393700787" />
  <textstyle name="H127W0635TH00762" height="50" strokewidth="3" charwidth="25" />
  <textstyle name="H15W15TH02" height="59.0551181102362" strokewidth="7.8740157480315" charwidth="59.0551181102362" />
  <padstyle name="r147.5_30" surface="True" plated="False" isvia="False" nopaste="False" nomask="True" complex="False" holesize="0">
    <padshape layer="TOP" shape="rectangle" width="11.811023622047" height="58.070866141732" />
    <padshape layer="TOP_SOLDER_MASK" shape="rectangle" width="19.685039370078" height="65.944881889763" />
    <padshape layer="TOP_SOLDER_PASTE" shape="rectangle" width="11.811023622047" height="58.070866141732" />
  </padstyle>
  <footprint name="QFP50P900X900X160-48N" originx="0" originy="0" pickpointx="0" pickpointy="0">
    <pcbpin number="1" name="1" style="r147.5_30" originx="-166.85039370079" originy="108.26771653543" rotation="90" />
    <pcbpin number="2" name="2" style="r147.5_30" originx="-166.85039370079" originy="88.582677165353" rotation="90" />
    <pcbpin number="3" name="3" style="r147.5_30" originx="-166.85039370079" originy="68.897637795275" rotation="90" />
    <pcbpin number="4" name="4" style="r147.5_30" originx="-166.85039370079" originy="49.212598425196" rotation="90" />
    <pcbpin number="5" name="5" style="r147.5_30" originx="-166.85039370079" originy="29.527559055118" rotation="90" />
    <pcbpin number="6" name="6" style="r147.5_30" originx="-166.85039370079" originy="9.8425196850392" rotation="90" />
    <pcbpin number="7" name="7" style="r147.5_30" originx="-166.85039370079" originy="-9.8425196850392" rotation="90" />
    <pcbpin number="8" name="8" style="r147.5_30" originx="-166.85039370079" originy="-29.527559055118" rotation="90" />
    <pcbpin number="9" name="9" style="r147.5_30" originx="-166.85039370079" originy="-49.212598425196" rotation="90" />
    <pcbpin number="10" name="10" style="r147.5_30" originx="-166.85039370079" originy="-68.897637795275" rotation="90" />
    <pcbpin number="11" name="11" style="r147.5_30" originx="-166.85039370079" originy="-88.582677165353" rotation="90" />
    <pcbpin number="12" name="12" style="r147.5_30" originx="-166.85039370079" originy="-108.26771653543" rotation="90" />
    <pcbpin number="13" name="13" style="r147.5_30" originx="-108.26771653543" originy="-166.85039370079" rotation="0" />
    <pcbpin number="14" name="14" style="r147.5_30" originx="-88.582677165353" originy="-166.85039370079" rotation="0" />
    <pcbpin number="15" name="15" style="r147.5_30" originx="-68.897637795275" originy="-166.85039370079" rotation="0" />
    <pcbpin number="16" name="16" style="r147.5_30" originx="-49.212598425196" originy="-166.85039370079" rotation="0" />
    <pcbpin number="17" name="17" style="r147.5_30" originx="-29.527559055118" originy="-166.85039370079" rotation="0" />
    <pcbpin number="18" name="18" style="r147.5_30" originx="-9.8425196850392" originy="-166.85039370079" rotation="0" />
    <pcbpin number="19" name="19" style="r147.5_30" originx="9.8425196850392" originy="-166.85039370079" rotation="0" />
    <pcbpin number="20" name="20" style="r147.5_30" originx="29.527559055118" originy="-166.85039370079" rotation="0" />
    <pcbpin number="21" name="21" style="r147.5_30" originx="49.212598425196" originy="-166.85039370079" rotation="0" />
    <pcbpin number="22" name="22" style="r147.5_30" originx="68.897637795275" originy="-166.85039370079" rotation="0" />
    <pcbpin number="23" name="23" style="r147.5_30" originx="88.582677165353" originy="-166.85039370079" rotation="0" />
    <pcbpin number="24" name="24" style="r147.5_30" originx="108.26771653543" originy="-166.85039370079" rotation="0" />
    <pcbpin number="25" name="25" style="r147.5_30" originx="166.85039370079" originy="-108.26771653543" rotation="90" />
    <pcbpin number="26" name="26" style="r147.5_30" originx="166.85039370079" originy="-88.582677165353" rotation="90" />
    <pcbpin number="27" name="27" style="r147.5_30" originx="166.85039370079" originy="-68.897637795275" rotation="90" />
    <pcbpin number="28" name="28" style="r147.5_30" originx="166.85039370079" originy="-49.212598425196" rotation="90" />
    <pcbpin number="29" name="29" style="r147.5_30" originx="166.85039370079" originy="-29.527559055118" rotation="90" />
    <pcbpin number="30" name="30" style="r147.5_30" originx="166.85039370079" originy="-9.8425196850392" rotation="90" />
    <pcbpin number="31" name="31" style="r147.5_30" originx="166.85039370079" originy="9.8425196850392" rotation="90" />
    <pcbpin number="32" name="32" style="r147.5_30" originx="166.85039370079" originy="29.527559055118" rotation="90" />
    <pcbpin number="33" name="33" style="r147.5_30" originx="166.85039370079" originy="49.212598425196" rotation="90" />
    <pcbpin number="34" name="34" style="r147.5_30" originx="166.85039370079" originy="68.897637795275" rotation="90" />
    <pcbpin number="35" name="35" style="r147.5_30" originx="166.85039370079" originy="88.582677165353" rotation="90" />
    <pcbpin number="36" name="36" style="r147.5_30" originx="166.85039370079" originy="108.26771653543" rotation="90" />
    <pcbpin number="37" name="37" style="r147.5_30" originx="108.26771653543" originy="166.85039370079" rotation="0" />
    <pcbpin number="38" name="38" style="r147.5_30" originx="88.582677165353" originy="166.85039370079" rotation="0" />
    <pcbpin number="39" name="39" style="r147.5_30" originx="68.897637795275" originy="166.85039370079" rotation="0" />
    <pcbpin number="40" name="40" style="r147.5_30" originx="49.212598425196" originy="166.85039370079" rotation="0" />
    <pcbpin number="41" name="41" style="r147.5_30" originx="29.527559055118" originy="166.85039370079" rotation="0" />
    <pcbpin number="42" name="42" style="r147.5_30" originx="9.8425196850392" originy="166.85039370079" rotation="0" />
    <pcbpin number="43" name="43" style="r147.5_30" originx="-9.8425196850392" originy="166.85039370079" rotation="0" />
    <pcbpin number="44" name="44" style="r147.5_30" originx="-29.527559055118" originy="166.85039370079" rotation="0" />
    <pcbpin number="45" name="45" style="r147.5_30" originx="-49.212598425196" originy="166.85039370079" rotation="0" />
    <pcbpin number="46" name="46" style="r147.5_30" originx="-68.897637795275" originy="166.85039370079" rotation="0" />
    <pcbpin number="47" name="47" style="r147.5_30" originx="-88.582677165353" originy="166.85039370079" rotation="0" />
    <pcbpin number="48" name="48" style="r147.5_30" originx="-108.26771653543" originy="166.85039370079" rotation="0" />
    <line layer="TOP_PLACE_BOUND" originx="-205.70866141732" originy="205.70866141732" endx="205.70866141732" endy="205.70866141732" width="1.9685039370079" />
    <line layer="TOP_PLACE_BOUND" originx="205.70866141732" originy="205.70866141732" endx="205.70866141732" endy="-205.70866141732" width="1.9685039370079" />
    <line layer="TOP_PLACE_BOUND" originx="205.70866141732" originy="-205.70866141732" endx="-205.70866141732" endy="-205.70866141732" width="1.9685039370079" />
    <line layer="TOP_PLACE_BOUND" originx="-205.70866141732" originy="-205.70866141732" endx="-205.70866141732" endy="205.70866141732" width="1.9685039370079" />
    <line layer="TOP_ASSEMBLY" originx="-137.79527559055" originy="137.79527559055" endx="137.79527559055" endy="137.79527559055" width="3.9370078740157" />
    <line layer="TOP_ASSEMBLY" originx="137.79527559055" originy="137.79527559055" endx="137.79527559055" endy="-137.79527559055" width="3.9370078740157" />
    <line layer="TOP_ASSEMBLY" originx="137.79527559055" originy="-137.79527559055" endx="-137.79527559055" endy="-137.79527559055" width="3.9370078740157" />
    <line layer="TOP_ASSEMBLY" originx="-137.79527559055" originy="-137.79527559055" endx="-137.79527559055" endy="137.79527559055" width="3.9370078740157" />
    <line layer="TOP_ASSEMBLY" originx="-137.79527559055" originy="118.11023622047" endx="-118.11023622047" endy="137.79527559055" width="3.9370078740157" />
    <line layer="TOP_SILKSCREEN" originx="-124.01574803149" originy="124.01574803149" endx="124.01574803149" endy="124.01574803149" width="7.8740157480314" />
    <line layer="TOP_SILKSCREEN" originx="124.01574803149" originy="124.01574803149" endx="124.01574803149" endy="-124.01574803149" width="7.8740157480314" />
    <line layer="TOP_SILKSCREEN" originx="124.01574803149" originy="-124.01574803149" endx="-124.01574803149" endy="-124.01574803149" width="7.8740157480314" />
    <line layer="TOP_SILKSCREEN" originx="-124.01574803149" originy="-124.01574803149" endx="-124.01574803149" endy="124.01574803149" width="7.8740157480314" />
    <arc layer="TOP_SILKSCREEN" originx="-186.02362204724" originy="137.79527559055" startangle="180" sweepangle="180" radius="4.9212598425196" width="9.8425196850392" />
    <arc layer="TOP_SILKSCREEN" originx="-186.02362204724" originy="137.79527559055" startangle="180" sweepangle="-180" radius="4.9212598425196" width="9.8425196850392" />
  </footprint>
  <symbol name="MSP430FR2355TPT" originx="0" originy="0">
    <line originx="200" originy="1700" endx="4900" endy="1700" width="0" />
    <line originx="4900" originy="-2800" endx="4900" endy="1700" width="0" />
    <line originx="4900" originy="-2800" endx="200" endy="-2800" width="0" />
    <line originx="200" originy="1700" endx="200" endy="-2800" width="0" />
    <sympin number="1" originx="200" originy="0" rotation="180" length="100" width="7.8740157480315" flipped="False">
      <text name="pinname" originx="230" originy="0" style="Default" rotation="0" justify="left" flipped="False" hidden="False" data="P1.2/UCB0SIMO/UCB0SDA/TB0TRG/OA0-/A2/VEREF-" />
      <text name="pindes" originx="140" originy="20" style="Default" rotation="0" justify="lowerright" flipped="False" hidden="False" data="1" />
    </sympin>
    <sympin number="2" originx="200" originy="-100" rotation="180" length="100" width="7.8740157480315" flipped="False">
      <text name="pinname" originx="230" originy="-100" style="Default" rotation="0" justify="left" flipped="False" hidden="False" data="P1.1/UCB0CLK/ACLK/OA0O/COMP0.1/A1" />
      <text name="pindes" originx="140" originy="-80" style="Default" rotation="0" justify="lowerright" flipped="False" hidden="False" data="2" />
    </sympin>
    <sympin number="3" originx="200" originy="-200" rotation="180" length="100" width="7.8740157480315" flipped="False">
      <text name="pinname" originx="230" originy="-200" style="Default" rotation="0" justify="left" flipped="False" hidden="False" data="P1.0/UCB0STE/SMCLK/COMP0.0/A0/VEREF+" />
      <text name="pindes" originx="140" originy="-180" style="Default" rotation="0" justify="lowerright" flipped="False" hidden="False" data="3" />
    </sympin>
    <sympin number="4" originx="200" originy="-300" rotation="180" length="100" width="7.8740157480315" flipped="False">
      <text name="pinname" originx="230" originy="-300" style="Default" rotation="0" justify="left" flipped="False" hidden="False" data="TEST/SBWTCK" />
      <text name="pindes" originx="140" originy="-280" style="Default" rotation="0" justify="lowerright" flipped="False" hidden="False" data="4" />
    </sympin>
    <sympin number="5" originx="200" originy="-400" rotation="180" length="100" width="7.8740157480315" flipped="False">
      <text name="pinname" originx="230" originy="-400" style="Default" rotation="0" justify="left" flipped="False" hidden="False" data="\RST\/NMI/SBWTDIO" />
      <text name="pindes" originx="140" originy="-380" style="Default" rotation="0" justify="lowerright" flipped="False" hidden="False" data="5" />
    </sympin>
    <sympin number="6" originx="200" originy="-500" rotation="180" length="100" width="7.8740157480315" flipped="False">
      <text name="pinname" originx="230" originy="-500" style="Default" rotation="0" justify="left" flipped="False" hidden="False" data="DVCC" />
      <text name="pindes" originx="140" originy="-480" style="Default" rotation="0" justify="lowerright" flipped="False" hidden="False" data="6" />
    </sympin>
    <sympin number="7" originx="200" originy="-600" rotation="180" length="100" width="7.8740157480315" flipped="False">
      <text name="pinname" originx="230" originy="-600" style="Default" rotation="0" justify="left" flipped="False" hidden="False" data="DVSS" />
      <text name="pindes" originx="140" originy="-580" style="Default" rotation="0" justify="lowerright" flipped="False" hidden="False" data="7" />
    </sympin>
    <sympin number="8" originx="200" originy="-700" rotation="180" length="100" width="7.8740157480315" flipped="False">
      <text name="pinname" originx="230" originy="-700" style="Default" rotation="0" justify="left" flipped="False" hidden="False" data="P2.7/TB0CLK/XIN" />
      <text name="pindes" originx="140" originy="-680" style="Default" rotation="0" justify="lowerright" flipped="False" hidden="False" data="8" />
    </sympin>
    <sympin number="9" originx="200" originy="-800" rotation="180" length="100" width="7.8740157480315" flipped="False">
      <text name="pinname" originx="230" originy="-800" style="Default" rotation="0" justify="left" flipped="False" hidden="False" data="P2.6/MCLK/XOUT" />
      <text name="pindes" originx="140" originy="-780" style="Default" rotation="0" justify="lowerright" flipped="False" hidden="False" data="9" />
    </sympin>
    <sympin number="10" originx="200" originy="-900" rotation="180" length="100" width="7.8740157480315" flipped="False">
      <text name="pinname" originx="230" originy="-900" style="Default" rotation="0" justify="left" flipped="False" hidden="False" data="P2.5/COMP1.0" />
      <text name="pindes" originx="140" originy="-880" style="Default" rotation="0" justify="lowerright" flipped="False" hidden="False" data="10" />
    </sympin>
    <sympin number="11" originx="200" originy="-1000" rotation="180" length="100" width="7.8740157480315" flipped="False">
      <text name="pinname" originx="230" originy="-1000" style="Default" rotation="0" justify="left" flipped="False" hidden="False" data="P2.4/COMP1.1" />
      <text name="pindes" originx="140" originy="-980" style="Default" rotation="0" justify="lowerright" flipped="False" hidden="False" data="11" />
    </sympin>
    <sympin number="12" originx="200" originy="-1100" rotation="180" length="100" width="7.8740157480315" flipped="False">
      <text name="pinname" originx="230" originy="-1100" style="Default" rotation="0" justify="left" flipped="False" hidden="False" data="P4.7/UCB1SOMI/UCB1SCL" />
      <text name="pindes" originx="140" originy="-1080" style="Default" rotation="0" justify="lowerright" flipped="False" hidden="False" data="12" />
    </sympin>
    <sympin number="13" originx="2000" originy="-2800" rotation="270" length="100" width="7.8740157480315" flipped="False">
      <text name="pinname" originx="2000" originy="-2770" style="Default" rotation="0" justify="left" flipped="False" hidden="False" data="P4.6/UCB1SIMO/UCB1SDA" />
      <text name="pindes" originx="1980" originy="-2860" style="Default" rotation="0" justify="lowerright" flipped="False" hidden="False" data="13" />
    </sympin>
    <sympin number="14" originx="2100" originy="-2800" rotation="270" length="100" width="7.8740157480315" flipped="False">
      <text name="pinname" originx="2100" originy="-2770" style="Default" rotation="0" justify="left" flipped="False" hidden="False" data="P4.5/UCB1CLK" />
      <text name="pindes" originx="2080" originy="-2860" style="Default" rotation="0" justify="lowerright" flipped="False" hidden="False" data="14" />
    </sympin>
    <sympin number="15" originx="2200" originy="-2800" rotation="270" length="100" width="7.8740157480315" flipped="False">
      <text name="pinname" originx="2200" originy="-2770" style="Default" rotation="0" justify="left" flipped="False" hidden="False" data="P4.4/UCB1STE" />
      <text name="pindes" originx="2180" originy="-2860" style="Default" rotation="0" justify="lowerright" flipped="False" hidden="False" data="15" />
    </sympin>
    <sympin number="16" originx="2300" originy="-2800" rotation="270" length="100" width="7.8740157480315" flipped="False">
      <text name="pinname" originx="2300" originy="-2770" style="Default" rotation="0" justify="left" flipped="False" hidden="False" data="P6.6/TB3CLK" />
      <text name="pindes" originx="2280" originy="-2860" style="Default" rotation="0" justify="lowerright" flipped="False" hidden="False" data="16" />
    </sympin>
    <sympin number="17" originx="2400" originy="-2800" rotation="270" length="100" width="7.8740157480315" flipped="False">
      <text name="pinname" originx="2400" originy="-2770" style="Default" rotation="0" justify="left" flipped="False" hidden="False" data="P6.5/TB3.6" />
      <text name="pindes" originx="2380" originy="-2860" style="Default" rotation="0" justify="lowerright" flipped="False" hidden="False" data="17" />
    </sympin>
    <sympin number="18" originx="2500" originy="-2800" rotation="270" length="100" width="7.8740157480315" flipped="False">
      <text name="pinname" originx="2500" originy="-2770" style="Default" rotation="0" justify="left" flipped="False" hidden="False" data="P6.4/TB3.5" />
      <text name="pindes" originx="2480" originy="-2860" style="Default" rotation="0" justify="lowerright" flipped="False" hidden="False" data="18" />
    </sympin>
    <sympin number="19" originx="2600" originy="-2800" rotation="270" length="100" width="7.8740157480315" flipped="False">
      <text name="pinname" originx="2600" originy="-2770" style="Default" rotation="0" justify="left" flipped="False" hidden="False" data="P6.3/TB3.4" />
      <text name="pindes" originx="2580" originy="-2860" style="Default" rotation="0" justify="lowerright" flipped="False" hidden="False" data="19" />
    </sympin>
    <sympin number="20" originx="2700" originy="-2800" rotation="270" length="100" width="7.8740157480315" flipped="False">
      <text name="pinname" originx="2700" originy="-2770" style="Default" rotation="0" justify="left" flipped="False" hidden="False" data="P6.2/TB3.3" />
      <text name="pindes" originx="2680" originy="-2860" style="Default" rotation="0" justify="lowerright" flipped="False" hidden="False" data="20" />
    </sympin>
    <sympin number="21" originx="2800" originy="-2800" rotation="270" length="100" width="7.8740157480315" flipped="False">
      <text name="pinname" originx="2800" originy="-2770" style="Default" rotation="0" justify="left" flipped="False" hidden="False" data="P6.1/TB3.2" />
      <text name="pindes" originx="2780" originy="-2860" style="Default" rotation="0" justify="lowerright" flipped="False" hidden="False" data="21" />
    </sympin>
    <sympin number="22" originx="2900" originy="-2800" rotation="270" length="100" width="7.8740157480315" flipped="False">
      <text name="pinname" originx="2900" originy="-2770" style="Default" rotation="0" justify="left" flipped="False" hidden="False" data="P6.0/TB3.1" />
      <text name="pindes" originx="2880" originy="-2860" style="Default" rotation="0" justify="lowerright" flipped="False" hidden="False" data="22" />
    </sympin>
    <sympin number="23" originx="3000" originy="-2800" rotation="270" length="100" width="7.8740157480315" flipped="False">
      <text name="pinname" originx="3000" originy="-2770" style="Default" rotation="0" justify="left" flipped="False" hidden="False" data="P4.3/UCA1TXD/UCA1SIMO/\UCA1TXD" />
      <text name="pindes" originx="2980" originy="-2860" style="Default" rotation="0" justify="lowerright" flipped="False" hidden="False" data="23" />
    </sympin>
    <sympin number="24" originx="3100" originy="-2800" rotation="270" length="100" width="7.8740157480315" flipped="False">
      <text name="pinname" originx="3100" originy="-2770" style="Default" rotation="0" justify="left" flipped="False" hidden="False" data="P4.2/UCA1RXD/UCA1SOMI/\UCA1RXD" />
      <text name="pindes" originx="3080" originy="-2860" style="Default" rotation="0" justify="lowerright" flipped="False" hidden="False" data="24" />
    </sympin>
    <sympin number="36" originx="4900" originy="0" rotation="0" length="100" width="7.8740157480315" flipped="False">
      <text name="pinname" originx="4870" originy="0" style="Default" rotation="0" justify="right" flipped="False" hidden="False" data="P3.6/OA3-" />
      <text name="pindes" originx="4960" originy="20" style="Default" rotation="0" justify="lowerleft" flipped="False" hidden="False" data="36" />
    </sympin>
    <sympin number="35" originx="4900" originy="-100" rotation="0" length="100" width="7.8740157480315" flipped="False">
      <text name="pinname" originx="4870" originy="-100" style="Default" rotation="0" justify="right" flipped="False" hidden="False" data="P3.7/OA3+" />
      <text name="pindes" originx="4960" originy="-80" style="Default" rotation="0" justify="lowerleft" flipped="False" hidden="False" data="35" />
    </sympin>
    <sympin number="34" originx="4900" originy="-200" rotation="0" length="100" width="7.8740157480315" flipped="False">
      <text name="pinname" originx="4870" originy="-200" style="Default" rotation="0" justify="right" flipped="False" hidden="False" data="P1.4/UCA0STE/TCK/A4" />
      <text name="pindes" originx="4960" originy="-180" style="Default" rotation="0" justify="lowerleft" flipped="False" hidden="False" data="34" />
    </sympin>
    <sympin number="33" originx="4900" originy="-300" rotation="0" length="100" width="7.8740157480315" flipped="False">
      <text name="pinname" originx="4870" originy="-300" style="Default" rotation="0" justify="right" flipped="False" hidden="False" data="P1.5/UCA0CLK/TMS/OA1O/A5" />
      <text name="pindes" originx="4960" originy="-280" style="Default" rotation="0" justify="lowerleft" flipped="False" hidden="False" data="33" />
    </sympin>
    <sympin number="32" originx="4900" originy="-400" rotation="0" length="100" width="7.8740157480315" flipped="False">
      <text name="pinname" originx="4870" originy="-400" style="Default" rotation="0" justify="right" flipped="False" hidden="False" data="P1.6/UCA0RXD/UCA0SOMI/TB0.1/TDI/TCLK/OA1-/A6" />
      <text name="pindes" originx="4960" originy="-380" style="Default" rotation="0" justify="lowerleft" flipped="False" hidden="False" data="32" />
    </sympin>
    <sympin number="31" originx="4900" originy="-500" rotation="0" length="100" width="7.8740157480315" flipped="False">
      <text name="pinname" originx="4870" originy="-500" style="Default" rotation="0" justify="right" flipped="False" hidden="False" data="P1.7/UCA0TXD/UCA0SIMO/TB0.2/TDO/OA1+/A7/VREF+" />
      <text name="pindes" originx="4960" originy="-480" style="Default" rotation="0" justify="lowerleft" flipped="False" hidden="False" data="31" />
    </sympin>
    <sympin number="30" originx="4900" originy="-600" rotation="0" length="100" width="7.8740157480315" flipped="False">
      <text name="pinname" originx="4870" originy="-600" style="Default" rotation="0" justify="right" flipped="False" hidden="False" data="P2.0/TB1.1/COMP0.O" />
      <text name="pindes" originx="4960" originy="-580" style="Default" rotation="0" justify="lowerleft" flipped="False" hidden="False" data="30" />
    </sympin>
    <sympin number="29" originx="4900" originy="-700" rotation="0" length="100" width="7.8740157480315" flipped="False">
      <text name="pinname" originx="4870" originy="-700" style="Default" rotation="0" justify="right" flipped="False" hidden="False" data="P2.1/TB1.2/COMP1.O" />
      <text name="pindes" originx="4960" originy="-680" style="Default" rotation="0" justify="lowerleft" flipped="False" hidden="False" data="29" />
    </sympin>
    <sympin number="28" originx="4900" originy="-800" rotation="0" length="100" width="7.8740157480315" flipped="False">
      <text name="pinname" originx="4870" originy="-800" style="Default" rotation="0" justify="right" flipped="False" hidden="False" data="P2.2/TB1CLK" />
      <text name="pindes" originx="4960" originy="-780" style="Default" rotation="0" justify="lowerleft" flipped="False" hidden="False" data="28" />
    </sympin>
    <sympin number="27" originx="4900" originy="-900" rotation="0" length="100" width="7.8740157480315" flipped="False">
      <text name="pinname" originx="4870" originy="-900" style="Default" rotation="0" justify="right" flipped="False" hidden="False" data="P2.3/TB1TRG" />
      <text name="pindes" originx="4960" originy="-880" style="Default" rotation="0" justify="lowerleft" flipped="False" hidden="False" data="27" />
    </sympin>
    <sympin number="26" originx="4900" originy="-1000" rotation="0" length="100" width="7.8740157480315" flipped="False">
      <text name="pinname" originx="4870" originy="-1000" style="Default" rotation="0" justify="right" flipped="False" hidden="False" data="P4.0/UCA1STE/ISOTXD/ISORXD" />
      <text name="pindes" originx="4960" originy="-980" style="Default" rotation="0" justify="lowerleft" flipped="False" hidden="False" data="26" />
    </sympin>
    <sympin number="25" originx="4900" originy="-1100" rotation="0" length="100" width="7.8740157480315" flipped="False">
      <text name="pinname" originx="4870" originy="-1100" style="Default" rotation="0" justify="right" flipped="False" hidden="False" data="P4.1/UCA1CLK" />
      <text name="pindes" originx="4960" originy="-1080" style="Default" rotation="0" justify="lowerleft" flipped="False" hidden="False" data="25" />
    </sympin>
    <sympin number="48" originx="2000" originy="1700" rotation="90" length="100" width="7.8740157480315" flipped="False">
      <text name="pinname" originx="2000" originy="1670" style="Default" rotation="0" justify="right" flipped="False" hidden="False" data="P1.3/UCB0SOMI/UCB0SCL/OA0+/A3" />
      <text name="pindes" originx="1980" originy="1760" style="Default" rotation="0" justify="lowerleft" flipped="False" hidden="False" data="48" />
    </sympin>
    <sympin number="47" originx="2100" originy="1700" rotation="90" length="100" width="7.8740157480315" flipped="False">
      <text name="pinname" originx="2100" originy="1670" style="Default" rotation="0" justify="right" flipped="False" hidden="False" data="P3.0/MCLK" />
      <text name="pindes" originx="2080" originy="1760" style="Default" rotation="0" justify="lowerleft" flipped="False" hidden="False" data="47" />
    </sympin>
    <sympin number="46" originx="2200" originy="1700" rotation="90" length="100" width="7.8740157480315" flipped="False">
      <text name="pinname" originx="2200" originy="1670" style="Default" rotation="0" justify="right" flipped="False" hidden="False" data="P3.1/OA2O" />
      <text name="pindes" originx="2180" originy="1760" style="Default" rotation="0" justify="lowerleft" flipped="False" hidden="False" data="46" />
    </sympin>
    <sympin number="45" originx="2300" originy="1700" rotation="90" length="100" width="7.8740157480315" flipped="False">
      <text name="pinname" originx="2300" originy="1670" style="Default" rotation="0" justify="right" flipped="False" hidden="False" data="P3.2/OA2-" />
      <text name="pindes" originx="2280" originy="1760" style="Default" rotation="0" justify="lowerleft" flipped="False" hidden="False" data="45" />
    </sympin>
    <sympin number="44" originx="2400" originy="1700" rotation="90" length="100" width="7.8740157480315" flipped="False">
      <text name="pinname" originx="2400" originy="1670" style="Default" rotation="0" justify="right" flipped="False" hidden="False" data="P3.3/OA2+" />
      <text name="pindes" originx="2380" originy="1760" style="Default" rotation="0" justify="lowerleft" flipped="False" hidden="False" data="44" />
    </sympin>
    <sympin number="43" originx="2500" originy="1700" rotation="90" length="100" width="7.8740157480315" flipped="False">
      <text name="pinname" originx="2500" originy="1670" style="Default" rotation="0" justify="right" flipped="False" hidden="False" data="P5.0/TB2.1/MFM.RX/A8" />
      <text name="pindes" originx="2480" originy="1760" style="Default" rotation="0" justify="lowerleft" flipped="False" hidden="False" data="43" />
    </sympin>
    <sympin number="42" originx="2600" originy="1700" rotation="90" length="100" width="7.8740157480315" flipped="False">
      <text name="pinname" originx="2600" originy="1670" style="Default" rotation="0" justify="right" flipped="False" hidden="False" data="P5.1/TB2.2/MFM.TX/A9" />
      <text name="pindes" originx="2580" originy="1760" style="Default" rotation="0" justify="lowerleft" flipped="False" hidden="False" data="42" />
    </sympin>
    <sympin number="41" originx="2700" originy="1700" rotation="90" length="100" width="7.8740157480315" flipped="False">
      <text name="pinname" originx="2700" originy="1670" style="Default" rotation="0" justify="right" flipped="False" hidden="False" data="P5.2/TB2CLK/A10" />
      <text name="pindes" originx="2680" originy="1760" style="Default" rotation="0" justify="lowerleft" flipped="False" hidden="False" data="41" />
    </sympin>
    <sympin number="40" originx="2800" originy="1700" rotation="90" length="100" width="7.8740157480315" flipped="False">
      <text name="pinname" originx="2800" originy="1670" style="Default" rotation="0" justify="right" flipped="False" hidden="False" data="P5.3/TB2TRG/A11" />
      <text name="pindes" originx="2780" originy="1760" style="Default" rotation="0" justify="lowerleft" flipped="False" hidden="False" data="40" />
    </sympin>
    <sympin number="39" originx="2900" originy="1700" rotation="90" length="100" width="7.8740157480315" flipped="False">
      <text name="pinname" originx="2900" originy="1670" style="Default" rotation="0" justify="right" flipped="False" hidden="False" data="P5.4" />
      <text name="pindes" originx="2880" originy="1760" style="Default" rotation="0" justify="lowerleft" flipped="False" hidden="False" data="39" />
    </sympin>
    <sympin number="38" originx="3000" originy="1700" rotation="90" length="100" width="7.8740157480315" flipped="False">
      <text name="pinname" originx="3000" originy="1670" style="Default" rotation="0" justify="right" flipped="False" hidden="False" data="P3.4/SMCLK" />
      <text name="pindes" originx="2980" originy="1760" style="Default" rotation="0" justify="lowerleft" flipped="False" hidden="False" data="38" />
    </sympin>
    <sympin number="37" originx="3100" originy="1700" rotation="90" length="100" width="7.8740157480315" flipped="False">
      <text name="pinname" originx="3100" originy="1670" style="Default" rotation="0" justify="right" flipped="False" hidden="False" data="P3.5/OA3O" />
      <text name="pindes" originx="3080" originy="1760" style="Default" rotation="0" justify="lowerleft" flipped="False" hidden="False" data="37" />
    </sympin>
  </symbol>
  <component name="MSP430FR2355TPT" designatorprefix="IC" height="62.992125984251" footprint="QFP50P900X900X160-48N">
    <comppin designator="1" sympin="1" pinswap="0" gateswap="0" gate="1" group="1" side="" type="Any" name="P1.2/UCB0SIMO/UCB0SDA/TB0TRG/OA0-/A2/VEREF-" />
    <comppin designator="2" sympin="2" pinswap="0" gateswap="0" gate="1" group="1" side="" type="Any" name="P1.1/UCB0CLK/ACLK/OA0O/COMP0.1/A1" />
    <comppin designator="3" sympin="3" pinswap="0" gateswap="0" gate="1" group="1" side="" type="Any" name="P1.0/UCB0STE/SMCLK/COMP0.0/A0/VEREF+" />
    <comppin designator="4" sympin="4" pinswap="0" gateswap="0" gate="1" group="1" side="" type="Any" name="TEST/SBWTCK" />
    <comppin designator="5" sympin="5" pinswap="0" gateswap="0" gate="1" group="1" side="" type="Any" name="|RST|/NMI/SBWTDIO" />
    <comppin designator="6" sympin="6" pinswap="0" gateswap="0" gate="1" group="1" side="" type="Any" name="DVCC" />
    <comppin designator="7" sympin="7" pinswap="0" gateswap="0" gate="1" group="1" side="" type="Any" name="DVSS" />
    <comppin designator="8" sympin="8" pinswap="0" gateswap="0" gate="1" group="1" side="" type="Any" name="P2.7/TB0CLK/XIN" />
    <comppin designator="9" sympin="9" pinswap="0" gateswap="0" gate="1" group="1" side="" type="Any" name="P2.6/MCLK/XOUT" />
    <comppin designator="10" sympin="10" pinswap="0" gateswap="0" gate="1" group="1" side="" type="Any" name="P2.5/COMP1.0" />
    <comppin designator="11" sympin="11" pinswap="0" gateswap="0" gate="1" group="1" side="" type="Any" name="P2.4/COMP1.1" />
    <comppin designator="12" sympin="12" pinswap="0" gateswap="0" gate="1" group="1" side="" type="Any" name="P4.7/UCB1SOMI/UCB1SCL" />
    <comppin designator="13" sympin="13" pinswap="0" gateswap="0" gate="1" group="1" side="" type="Any" name="P4.6/UCB1SIMO/UCB1SDA" />
    <comppin designator="14" sympin="14" pinswap="0" gateswap="0" gate="1" group="1" side="" type="Any" name="P4.5/UCB1CLK" />
    <comppin designator="15" sympin="15" pinswap="0" gateswap="0" gate="1" group="1" side="" type="Any" name="P4.4/UCB1STE" />
    <comppin designator="16" sympin="16" pinswap="0" gateswap="0" gate="1" group="1" side="" type="Any" name="P6.6/TB3CLK" />
    <comppin designator="17" sympin="17" pinswap="0" gateswap="0" gate="1" group="1" side="" type="Any" name="P6.5/TB3.6" />
    <comppin designator="18" sympin="18" pinswap="0" gateswap="0" gate="1" group="1" side="" type="Any" name="P6.4/TB3.5" />
    <comppin designator="19" sympin="19" pinswap="0" gateswap="0" gate="1" group="1" side="" type="Any" name="P6.3/TB3.4" />
    <comppin designator="20" sympin="20" pinswap="0" gateswap="0" gate="1" group="1" side="" type="Any" name="P6.2/TB3.3" />
    <comppin designator="21" sympin="21" pinswap="0" gateswap="0" gate="1" group="1" side="" type="Any" name="P6.1/TB3.2" />
    <comppin designator="22" sympin="22" pinswap="0" gateswap="0" gate="1" group="1" side="" type="Any" name="P6.0/TB3.1" />
    <comppin designator="23" sympin="23" pinswap="0" gateswap="0" gate="1" group="1" side="" type="Any" name="P4.3/UCA1TXD/UCA1SIMO/|UCA1TXD" />
    <comppin designator="24" sympin="24" pinswap="0" gateswap="0" gate="1" group="1" side="" type="Any" name="P4.2/UCA1RXD/UCA1SOMI/|UCA1RXD" />
    <comppin designator="25" sympin="25" pinswap="0" gateswap="0" gate="1" group="1" side="" type="Any" name="P4.1/UCA1CLK" />
    <comppin designator="26" sympin="26" pinswap="0" gateswap="0" gate="1" group="1" side="" type="Any" name="P4.0/UCA1STE/ISOTXD/ISORXD" />
    <comppin designator="27" sympin="27" pinswap="0" gateswap="0" gate="1" group="1" side="" type="Any" name="P2.3/TB1TRG" />
    <comppin designator="28" sympin="28" pinswap="0" gateswap="0" gate="1" group="1" side="" type="Any" name="P2.2/TB1CLK" />
    <comppin designator="29" sympin="29" pinswap="0" gateswap="0" gate="1" group="1" side="" type="Any" name="P2.1/TB1.2/COMP1.O" />
    <comppin designator="30" sympin="30" pinswap="0" gateswap="0" gate="1" group="1" side="" type="Any" name="P2.0/TB1.1/COMP0.O" />
    <comppin designator="31" sympin="31" pinswap="0" gateswap="0" gate="1" group="1" side="" type="Any" name="P1.7/UCA0TXD/UCA0SIMO/TB0.2/TDO/OA1+/A7/VREF+" />
    <comppin designator="32" sympin="32" pinswap="0" gateswap="0" gate="1" group="1" side="" type="Any" name="P1.6/UCA0RXD/UCA0SOMI/TB0.1/TDI/TCLK/OA1-/A6" />
    <comppin designator="33" sympin="33" pinswap="0" gateswap="0" gate="1" group="1" side="" type="Any" name="P1.5/UCA0CLK/TMS/OA1O/A5" />
    <comppin designator="34" sympin="34" pinswap="0" gateswap="0" gate="1" group="1" side="" type="Any" name="P1.4/UCA0STE/TCK/A4" />
    <comppin designator="35" sympin="35" pinswap="0" gateswap="0" gate="1" group="1" side="" type="Any" name="P3.7/OA3+" />
    <comppin designator="36" sympin="36" pinswap="0" gateswap="0" gate="1" group="1" side="" type="Any" name="P3.6/OA3-" />
    <comppin designator="37" sympin="37" pinswap="0" gateswap="0" gate="1" group="1" side="" type="Any" name="P3.5/OA3O" />
    <comppin designator="38" sympin="38" pinswap="0" gateswap="0" gate="1" group="1" side="" type="Any" name="P3.4/SMCLK" />
    <comppin designator="39" sympin="39" pinswap="0" gateswap="0" gate="1" group="1" side="" type="Any" name="P5.4" />
    <comppin designator="40" sympin="40" pinswap="0" gateswap="0" gate="1" group="1" side="" type="Any" name="P5.3/TB2TRG/A11" />
    <comppin designator="41" sympin="41" pinswap="0" gateswap="0" gate="1" group="1" side="" type="Any" name="P5.2/TB2CLK/A10" />
    <comppin designator="42" sympin="42" pinswap="0" gateswap="0" gate="1" group="1" side="" type="Any" name="P5.1/TB2.2/MFM.TX/A9" />
    <comppin designator="43" sympin="43" pinswap="0" gateswap="0" gate="1" group="1" side="" type="Any" name="P5.0/TB2.1/MFM.RX/A8" />
    <comppin designator="44" sympin="44" pinswap="0" gateswap="0" gate="1" group="1" side="" type="Any" name="P3.3/OA2+" />
    <comppin designator="45" sympin="45" pinswap="0" gateswap="0" gate="1" group="1" side="" type="Any" name="P3.2/OA2-" />
    <comppin designator="46" sympin="46" pinswap="0" gateswap="0" gate="1" group="1" side="" type="Any" name="P3.1/OA2O" />
    <comppin designator="47" sympin="47" pinswap="0" gateswap="0" gate="1" group="1" side="" type="Any" name="P3.0/MCLK" />
    <comppin designator="48" sympin="48" pinswap="0" gateswap="0" gate="1" group="1" side="" type="Any" name="P1.3/UCB0SOMI/UCB0SCL/OA0+/A3" />
    <attached_symbol gate="1" name="MSP430FR2355TPT" />
    <pinmap designator="1" footprintpin="1" />
    <pinmap designator="2" footprintpin="2" />
    <pinmap designator="3" footprintpin="3" />
    <pinmap designator="4" footprintpin="4" />
    <pinmap designator="5" footprintpin="5" />
    <pinmap designator="6" footprintpin="6" />
    <pinmap designator="7" footprintpin="7" />
    <pinmap designator="8" footprintpin="8" />
    <pinmap designator="9" footprintpin="9" />
    <pinmap designator="10" footprintpin="10" />
    <pinmap designator="11" footprintpin="11" />
    <pinmap designator="12" footprintpin="12" />
    <pinmap designator="13" footprintpin="13" />
    <pinmap designator="14" footprintpin="14" />
    <pinmap designator="15" footprintpin="15" />
    <pinmap designator="16" footprintpin="16" />
    <pinmap designator="17" footprintpin="17" />
    <pinmap designator="18" footprintpin="18" />
    <pinmap designator="19" footprintpin="19" />
    <pinmap designator="20" footprintpin="20" />
    <pinmap designator="21" footprintpin="21" />
    <pinmap designator="22" footprintpin="22" />
    <pinmap designator="23" footprintpin="23" />
    <pinmap designator="24" footprintpin="24" />
    <pinmap designator="25" footprintpin="25" />
    <pinmap designator="26" footprintpin="26" />
    <pinmap designator="27" footprintpin="27" />
    <pinmap designator="28" footprintpin="28" />
    <pinmap designator="29" footprintpin="29" />
    <pinmap designator="30" footprintpin="30" />
    <pinmap designator="31" footprintpin="31" />
    <pinmap designator="32" footprintpin="32" />
    <pinmap designator="33" footprintpin="33" />
    <pinmap designator="34" footprintpin="34" />
    <pinmap designator="35" footprintpin="35" />
    <pinmap designator="36" footprintpin="36" />
    <pinmap designator="37" footprintpin="37" />
    <pinmap designator="38" footprintpin="38" />
    <pinmap designator="39" footprintpin="39" />
    <pinmap designator="40" footprintpin="40" />
    <pinmap designator="41" footprintpin="41" />
    <pinmap designator="42" footprintpin="42" />
    <pinmap designator="43" footprintpin="43" />
    <pinmap designator="44" footprintpin="44" />
    <pinmap designator="45" footprintpin="45" />
    <pinmap designator="46" footprintpin="46" />
    <pinmap designator="47" footprintpin="47" />
    <pinmap designator="48" footprintpin="48" />
    <text name="Datasheet" originx="0" originy="0" style="Default" rotation="0" justify="" flipped="False" hidden="True" data="https://datasheet.datasheetarchive.com/originals/distributors/DKDS41/DSANUWW0029426.pdf" />
    <text name="Description" originx="0" originy="0" style="Default" rotation="0" justify="" flipped="False" hidden="True" data="16-bit Microcontrollers - MCU 24MHz 105C ULP Microcontroller With 32 KB FRAM, 4 KB SRAM, 44 IO, 12-bit ADC, 12-bit DACs, OpAmp/PGA 48-LQFP -40 to 105" />
    <text name="Mouser Part Number" originx="0" originy="0" style="Default" rotation="0" justify="" flipped="False" hidden="True" data="595-MSP430FR2355TPT" />
    <text name="Mouser Price/Stock" originx="0" originy="0" style="Default" rotation="0" justify="" flipped="False" hidden="True" data="https://www.mouser.co.uk/ProductDetail/Texas-Instruments/MSP430FR2355TPT?qs=gTYE2QTfZfTjQOKK%2F%2Fw59A%3D%3D" />
    <text name="Manufacturer_Name" originx="0" originy="0" style="Default" rotation="0" justify="" flipped="False" hidden="True" data="Texas Instruments" />
    <text name="Manufacturer_Part_Number" originx="4950" originy="1800" style="Default" rotation="0" justify="left" flipped="False" hidden="False" data="MSP430FR2355TPT" />
  </component>
</quadcept_library>
