<?xml version="1.0" encoding="utf-8"?>
<!--/11835307/1611583/2.50/14/2/Switch/-->
<quadcept_library>
  <setting unit="mil" />
  <textstyle name="Default" height="47.244094488189" strokewidth="7.8740157480315" charwidth="47.244094488189" />
  <textstyle name="Dimension" height="19.6850393700787" strokewidth="0" charwidth="19.6850393700787" />
  <textstyle name="H127W0635TH00762" height="50" strokewidth="3" charwidth="25" />
  <textstyle name="H15W15TH02" height="59.0551181102362" strokewidth="7.8740157480315" charwidth="59.0551181102362" />
  <padstyle name="c165_h110" surface="False" plated="True" isvia="False" nopaste="True" nomask="True" complex="False" holesize="43.307086614173">
    <padshape layer="TOP" shape="round" width="64.960629921259" height="64.960629921259" />
    <padshape layer="TOP_SOLDER_MASK" shape="round" width="72.83464566929" height="72.83464566929" />
    <padshape layer="INNER" shape="round" width="64.960629921259" height="64.960629921259" />
    <padshape layer="BOTTOM" shape="round" width="64.960629921259" height="64.960629921259" />
    <padshape layer="BOTTOM_SOLDER_MASK" shape="round" width="72.83464566929" height="72.83464566929" />
  </padstyle>
  <padstyle name="c195_h130" surface="False" plated="True" isvia="False" nopaste="True" nomask="True" complex="False" holesize="51.181102362204">
    <padshape layer="TOP" shape="round" width="76.771653543306" height="76.771653543306" />
    <padshape layer="TOP_SOLDER_MASK" shape="round" width="84.645669291338" height="84.645669291338" />
    <padshape layer="INNER" shape="round" width="76.771653543306" height="76.771653543306" />
    <padshape layer="BOTTOM" shape="round" width="76.771653543306" height="76.771653543306" />
    <padshape layer="BOTTOM_SOLDER_MASK" shape="round" width="84.645669291338" height="84.645669291338" />
  </padstyle>
  <padstyle name="c240_h160" surface="False" plated="True" isvia="False" nopaste="True" nomask="True" complex="False" holesize="62.992125984251">
    <padshape layer="TOP" shape="round" width="94.488188976377" height="94.488188976377" />
    <padshape layer="TOP_SOLDER_MASK" shape="round" width="102.36220472441" height="102.36220472441" />
    <padshape layer="INNER" shape="round" width="94.488188976377" height="94.488188976377" />
    <padshape layer="BOTTOM" shape="round" width="94.488188976377" height="94.488188976377" />
    <padshape layer="BOTTOM_SOLDER_MASK" shape="round" width="102.36220472441" height="102.36220472441" />
  </padstyle>
  <footprint name="THB001P" originx="0" originy="0" pickpointx="0" pickpointy="0">
    <pcbpin number="1" name="1" style="c165_h110" originx="0" originy="0" rotation="90" />
    <pcbpin number="2" name="2" style="c165_h110" originx="-98.425196850392" originy="0" rotation="90" />
    <pcbpin number="3" name="3" style="c165_h110" originx="-196.85039370078" originy="0" rotation="90" />
    <pcbpin number="4" name="11" style="c165_h110" originx="245.27559055118" originy="-442.12598425196" rotation="90" />
    <pcbpin number="5" name="12" style="c165_h110" originx="245.27559055118" originy="-343.70078740157" rotation="90" />
    <pcbpin number="6" name="13" style="c165_h110" originx="245.27559055118" originy="-245.27559055118" rotation="90" />
    <pcbpin number="7" name="A1" style="c195_h130" originx="-226.3779527559" originy="-570.07874015747" rotation="90" />
    <pcbpin number="8" name="B1" style="c195_h130" originx="29.527559055118" originy="-570.07874015747" rotation="90" />
    <pcbpin number="9" name="C1" style="c195_h130" originx="-226.3779527559" originy="-747.24409448818" rotation="90" />
    <pcbpin number="10" name="D1" style="c195_h130" originx="29.527559055118" originy="-747.24409448818" rotation="90" />
    <pcbpin number="11" name="MH1" style="c240_h160" originx="150.5905511811" originy="-146.85039370079" rotation="90" />
    <pcbpin number="12" name="MH2" style="c240_h160" originx="-347.44094488189" originy="-146.85039370079" rotation="90" />
    <pcbpin number="13" name="MH3" style="c240_h160" originx="-347.44094488189" originy="-540.55118110236" rotation="90" />
    <pcbpin number="14" name="MH4" style="c240_h160" originx="150.5905511811" originy="-540.55118110236" rotation="90" />
    <line layer="TOP_ASSEMBLY" originx="-357.28346456692" originy="-602.5590551181" endx="160.43307086614" endy="-602.5590551181" width="7.8740157480314" />
    <line layer="TOP_ASSEMBLY" originx="160.43307086614" originy="-602.5590551181" endx="160.43307086614" endy="-84.842519685038" width="7.8740157480314" />
    <line layer="TOP_ASSEMBLY" originx="160.43307086614" originy="-84.842519685038" endx="-357.28346456692" endy="-84.842519685038" width="7.8740157480314" />
    <line layer="TOP_ASSEMBLY" originx="-357.28346456692" originy="-84.842519685038" endx="-357.28346456692" endy="-602.5590551181" width="7.8740157480314" />
    <line layer="TOP_SILKSCREEN" originx="-265.74803149606" originy="-84.842519685038" endx="68.897637795275" endy="-84.842519685038" width="3.9370078740157" />
    <line layer="TOP_SILKSCREEN" originx="68.897637795275" originy="-84.842519685038" endx="68.897637795275" endy="-84.842519685038" width="3.9370078740157" />
    <line layer="TOP_SILKSCREEN" originx="68.897637795275" originy="-84.842519685038" endx="-265.74803149606" endy="-84.842519685038" width="3.9370078740157" />
    <line layer="TOP_SILKSCREEN" originx="-265.74803149606" originy="-84.842519685038" endx="-265.74803149606" endy="-84.842519685038" width="3.9370078740157" />
    <line layer="TOP_SILKSCREEN" originx="-157.48031496063" originy="-602.5590551181" endx="-39.370078740157" endy="-602.5590551181" width="3.9370078740157" />
    <line layer="TOP_SILKSCREEN" originx="-39.370078740157" originy="-602.5590551181" endx="-39.370078740157" endy="-602.5590551181" width="3.9370078740157" />
    <line layer="TOP_SILKSCREEN" originx="-39.370078740157" originy="-602.5590551181" endx="-157.48031496063" endy="-602.5590551181" width="3.9370078740157" />
    <line layer="TOP_SILKSCREEN" originx="-157.48031496063" originy="-602.5590551181" endx="-157.48031496063" endy="-602.5590551181" width="3.9370078740157" />
    <line layer="TOP_ASSEMBLY" originx="-285.43307086614" originy="-84.842519685038" endx="88.582677165353" endy="-84.842519685038" width="7.8740157480314" />
    <line layer="TOP_ASSEMBLY" originx="88.582677165353" originy="-84.842519685038" endx="88.582677165353" endy="38.188976377952" width="7.8740157480314" />
    <line layer="TOP_ASSEMBLY" originx="88.582677165353" originy="38.188976377952" endx="-285.43307086614" endy="38.188976377952" width="7.8740157480314" />
    <line layer="TOP_ASSEMBLY" originx="-285.43307086614" originy="38.188976377952" endx="-285.43307086614" endy="-84.842519685038" width="7.8740157480314" />
    <line layer="TOP_SILKSCREEN" originx="-285.43307086614" originy="-84.842519685038" endx="88.582677165353" endy="-84.842519685038" width="3.9370078740157" />
    <line layer="TOP_SILKSCREEN" originx="88.582677165353" originy="-84.842519685038" endx="88.582677165353" endy="-84.842519685038" width="3.9370078740157" />
    <line layer="TOP_SILKSCREEN" originx="88.582677165353" originy="-84.842519685038" endx="-285.43307086614" endy="-84.842519685038" width="3.9370078740157" />
    <line layer="TOP_SILKSCREEN" originx="-285.43307086614" originy="-84.842519685038" endx="-285.43307086614" endy="-84.842519685038" width="3.9370078740157" />
    <line layer="TOP_ASSEMBLY" originx="160.43307086614" originy="-156.69291338582" endx="283.46456692913" endy="-156.69291338582" width="7.8740157480314" />
    <line layer="TOP_ASSEMBLY" originx="283.46456692913" originy="-156.69291338582" endx="283.46456692913" endy="-530.70866141732" width="7.8740157480314" />
    <line layer="TOP_ASSEMBLY" originx="283.46456692913" originy="-530.70866141732" endx="160.43307086614" endy="-530.70866141732" width="7.8740157480314" />
    <line layer="TOP_ASSEMBLY" originx="160.43307086614" originy="-530.70866141732" endx="160.43307086614" endy="-156.69291338582" width="7.8740157480314" />
    <line layer="TOP_SILKSCREEN" originx="229.33070866141" originy="-530.70866141732" endx="283.46456692913" endy="-530.70866141732" width="3.9370078740157" />
    <line layer="TOP_SILKSCREEN" originx="283.46456692913" originy="-530.70866141732" endx="283.46456692913" endy="-530.70866141732" width="3.9370078740157" />
    <line layer="TOP_SILKSCREEN" originx="283.46456692913" originy="-530.70866141732" endx="229.33070866141" endy="-530.70866141732" width="3.9370078740157" />
    <line layer="TOP_SILKSCREEN" originx="229.33070866141" originy="-530.70866141732" endx="229.33070866141" endy="-530.70866141732" width="3.9370078740157" />
    <line layer="TOP_SILKSCREEN" originx="229.33070866141" originy="-156.69291338582" endx="283.46456692913" endy="-156.69291338582" width="3.9370078740157" />
    <line layer="TOP_SILKSCREEN" originx="283.46456692913" originy="-156.69291338582" endx="283.46456692913" endy="-156.69291338582" width="3.9370078740157" />
    <line layer="TOP_SILKSCREEN" originx="283.46456692913" originy="-156.69291338582" endx="229.33070866141" endy="-156.69291338582" width="3.9370078740157" />
    <line layer="TOP_SILKSCREEN" originx="229.33070866141" originy="-156.69291338582" endx="229.33070866141" endy="-156.69291338582" width="3.9370078740157" />
    <line layer="TOP_ASSEMBLY" originx="-265.74803149606" originy="-602.5590551181" endx="68.897637795275" endy="-602.5590551181" width="7.8740157480314" />
    <line layer="TOP_ASSEMBLY" originx="68.897637795275" originy="-602.5590551181" endx="68.897637795275" endy="-800.39370078739" width="7.8740157480314" />
    <line layer="TOP_ASSEMBLY" originx="68.897637795275" originy="-800.39370078739" endx="-265.74803149606" endy="-800.39370078739" width="7.8740157480314" />
    <line layer="TOP_ASSEMBLY" originx="-265.74803149606" originy="-800.39370078739" endx="-265.74803149606" endy="-602.5590551181" width="7.8740157480314" />
    <line layer="TOP_SILKSCREEN" originx="-357.28346456692" originy="-225.5905511811" endx="-357.28346456692" endy="-225.5905511811" width="3.9370078740157" />
    <line layer="TOP_SILKSCREEN" originx="-357.28346456692" originy="-225.5905511811" endx="-357.28346456692" endy="-461.81102362204" width="3.9370078740157" />
    <line layer="TOP_SILKSCREEN" originx="-357.28346456692" originy="-461.81102362204" endx="-357.28346456692" endy="-461.81102362204" width="3.9370078740157" />
    <line layer="TOP_SILKSCREEN" originx="-357.28346456692" originy="-461.81102362204" endx="-357.28346456692" endy="-225.5905511811" width="3.9370078740157" />
    <line layer="TOP_SILKSCREEN" originx="160.43307086614" originy="-461.81102362204" endx="160.43307086614" endy="-461.81102362204" width="3.9370078740157" />
    <line layer="TOP_SILKSCREEN" originx="160.43307086614" originy="-461.81102362204" endx="160.43307086614" endy="-225.5905511811" width="3.9370078740157" />
    <line layer="TOP_SILKSCREEN" originx="160.43307086614" originy="-225.5905511811" endx="160.43307086614" endy="-225.5905511811" width="3.9370078740157" />
    <line layer="TOP_SILKSCREEN" originx="160.43307086614" originy="-225.5905511811" endx="160.43307086614" endy="-461.81102362204" width="3.9370078740157" />
    <line layer="TOP_SILKSCREEN" originx="-285.43307086614" originy="-84.842519685038" endx="-285.43307086614" endy="-84.842519685038" width="3.9370078740157" />
    <line layer="TOP_SILKSCREEN" originx="-285.43307086614" originy="-84.842519685038" endx="-285.43307086614" endy="38.188976377952" width="3.9370078740157" />
    <line layer="TOP_SILKSCREEN" originx="-285.43307086614" originy="38.188976377952" endx="-285.43307086614" endy="38.188976377952" width="3.9370078740157" />
    <line layer="TOP_SILKSCREEN" originx="-285.43307086614" originy="38.188976377952" endx="-285.43307086614" endy="-84.842519685038" width="3.9370078740157" />
    <line layer="TOP_SILKSCREEN" originx="88.582677165353" originy="-84.842519685038" endx="88.582677165353" endy="-84.842519685038" width="3.9370078740157" />
    <line layer="TOP_SILKSCREEN" originx="88.582677165353" originy="-84.842519685038" endx="88.582677165353" endy="38.188976377952" width="3.9370078740157" />
    <line layer="TOP_SILKSCREEN" originx="88.582677165353" originy="38.188976377952" endx="88.582677165353" endy="38.188976377952" width="3.9370078740157" />
    <line layer="TOP_SILKSCREEN" originx="88.582677165353" originy="38.188976377952" endx="88.582677165353" endy="-84.842519685038" width="3.9370078740157" />
    <line layer="TOP_SILKSCREEN" originx="160.43307086614" originy="-225.5905511811" endx="160.43307086614" endy="-225.5905511811" width="3.9370078740157" />
    <line layer="TOP_SILKSCREEN" originx="160.43307086614" originy="-225.5905511811" endx="160.43307086614" endy="-461.81102362204" width="3.9370078740157" />
    <line layer="TOP_SILKSCREEN" originx="160.43307086614" originy="-461.81102362204" endx="160.43307086614" endy="-461.81102362204" width="3.9370078740157" />
    <line layer="TOP_SILKSCREEN" originx="160.43307086614" originy="-461.81102362204" endx="160.43307086614" endy="-225.5905511811" width="3.9370078740157" />
    <line layer="TOP_PLACE_BOUND" originx="0" originy="117.32283464567" endx="0" endy="117.32283464567" width="3.9370078740157" />
    <line layer="TOP_PLACE_BOUND" originx="0" originy="117.32283464567" endx="0" endy="-839.76377952755" width="3.9370078740157" />
    <line layer="TOP_PLACE_BOUND" originx="0" originy="-839.76377952755" endx="0" endy="-839.76377952755" width="3.9370078740157" />
    <line layer="TOP_PLACE_BOUND" originx="0" originy="-839.76377952755" endx="0" endy="117.32283464567" width="3.9370078740157" />
    <line layer="TOP_SILKSCREEN" originx="0" originy="73.622047244094" endx="0" endy="73.622047244094" width="7.8740157480314" />
    <arc layer="TOP_SILKSCREEN" originx="-2.4586631942978E-15" originy="75.787401574802" startangle="-90.0" sweepangle="180.0" radius="2.1653543307086" width="7.8740157480314" />
    <line layer="TOP_SILKSCREEN" originx="0" originy="77.952755905511" endx="0" endy="77.952755905511" width="7.8740157480314" />
    <arc layer="TOP_SILKSCREEN" originx="-2.4586631942978E-15" originy="75.787401574802" startangle="90.0" sweepangle="180.0" radius="2.1653543307086" width="7.8740157480314" />
    <line layer="TOP_SILKSCREEN" originx="0" originy="73.622047244094" endx="0" endy="73.622047244094" width="7.8740157480314" />
    <arc layer="TOP_SILKSCREEN" originx="-2.4586631942978E-15" originy="75.787401574802" startangle="-90.0" sweepangle="180.0" radius="2.1653543307086" width="7.8740157480314" />
  </footprint>
  <symbol name="THB001P" originx="0" originy="0">
    <line originx="200" originy="100" endx="1000" endy="100" width="0" />
    <line originx="1000" originy="-700" endx="1000" endy="100" width="0" />
    <line originx="1000" originy="-700" endx="200" endy="-700" width="0" />
    <line originx="200" originy="100" endx="200" endy="-700" width="0" />
    <sympin number="1" originx="200" originy="0" rotation="180" length="100" width="7.8740157480315" flipped="False">
      <text name="pinname" originx="230" originy="0" style="Default" rotation="0" justify="left" flipped="False" hidden="False" data="1" />
      <text name="pindes" originx="140" originy="20" style="Default" rotation="0" justify="lowerright" flipped="False" hidden="False" data="1" />
    </sympin>
    <sympin number="2" originx="200" originy="-100" rotation="180" length="100" width="7.8740157480315" flipped="False">
      <text name="pinname" originx="230" originy="-100" style="Default" rotation="0" justify="left" flipped="False" hidden="False" data="2" />
      <text name="pindes" originx="140" originy="-80" style="Default" rotation="0" justify="lowerright" flipped="False" hidden="False" data="2" />
    </sympin>
    <sympin number="3" originx="200" originy="-200" rotation="180" length="100" width="7.8740157480315" flipped="False">
      <text name="pinname" originx="230" originy="-200" style="Default" rotation="0" justify="left" flipped="False" hidden="False" data="3" />
      <text name="pindes" originx="140" originy="-180" style="Default" rotation="0" justify="lowerright" flipped="False" hidden="False" data="3" />
    </sympin>
    <sympin number="11" originx="200" originy="-300" rotation="180" length="100" width="7.8740157480315" flipped="False">
      <text name="pinname" originx="230" originy="-300" style="Default" rotation="0" justify="left" flipped="False" hidden="False" data="1&apos;" />
      <text name="pindes" originx="140" originy="-280" style="Default" rotation="0" justify="lowerright" flipped="False" hidden="False" data="11" />
    </sympin>
    <sympin number="12" originx="200" originy="-400" rotation="180" length="100" width="7.8740157480315" flipped="False">
      <text name="pinname" originx="230" originy="-400" style="Default" rotation="0" justify="left" flipped="False" hidden="False" data="2&apos;" />
      <text name="pindes" originx="140" originy="-380" style="Default" rotation="0" justify="lowerright" flipped="False" hidden="False" data="12" />
    </sympin>
    <sympin number="13" originx="200" originy="-500" rotation="180" length="100" width="7.8740157480315" flipped="False">
      <text name="pinname" originx="230" originy="-500" style="Default" rotation="0" justify="left" flipped="False" hidden="False" data="3&apos;" />
      <text name="pindes" originx="140" originy="-480" style="Default" rotation="0" justify="lowerright" flipped="False" hidden="False" data="13" />
    </sympin>
    <sympin number="7" originx="200" originy="-600" rotation="180" length="100" width="7.8740157480315" flipped="False">
      <text name="pinname" originx="230" originy="-600" style="Default" rotation="0" justify="left" flipped="False" hidden="False" data="COM_1" />
      <text name="pindes" originx="140" originy="-580" style="Default" rotation="0" justify="lowerright" flipped="False" hidden="False" data="A1" />
    </sympin>
    <sympin number="8" originx="1000" originy="0" rotation="0" length="100" width="7.8740157480315" flipped="False">
      <text name="pinname" originx="970" originy="0" style="Default" rotation="0" justify="right" flipped="False" hidden="False" data="COM_2" />
      <text name="pindes" originx="1060" originy="20" style="Default" rotation="0" justify="lowerleft" flipped="False" hidden="False" data="B1" />
    </sympin>
    <sympin number="9" originx="1000" originy="-100" rotation="0" length="100" width="7.8740157480315" flipped="False">
      <text name="pinname" originx="970" originy="-100" style="Default" rotation="0" justify="right" flipped="False" hidden="False" data="NO_1" />
      <text name="pindes" originx="1060" originy="-80" style="Default" rotation="0" justify="lowerleft" flipped="False" hidden="False" data="C1" />
    </sympin>
    <sympin number="10" originx="1000" originy="-200" rotation="0" length="100" width="7.8740157480315" flipped="False">
      <text name="pinname" originx="970" originy="-200" style="Default" rotation="0" justify="right" flipped="False" hidden="False" data="NO_2" />
      <text name="pindes" originx="1060" originy="-180" style="Default" rotation="0" justify="lowerleft" flipped="False" hidden="False" data="D1" />
    </sympin>
    <sympin number="11" originx="1000" originy="-300" rotation="0" length="100" width="7.8740157480315" flipped="False">
      <text name="pinname" originx="970" originy="-300" style="Default" rotation="0" justify="right" flipped="False" hidden="False" data="MH1" />
      <text name="pindes" originx="1060" originy="-280" style="Default" rotation="0" justify="lowerleft" flipped="False" hidden="False" data="MH1" />
    </sympin>
    <sympin number="12" originx="1000" originy="-400" rotation="0" length="100" width="7.8740157480315" flipped="False">
      <text name="pinname" originx="970" originy="-400" style="Default" rotation="0" justify="right" flipped="False" hidden="False" data="MH2" />
      <text name="pindes" originx="1060" originy="-380" style="Default" rotation="0" justify="lowerleft" flipped="False" hidden="False" data="MH2" />
    </sympin>
    <sympin number="13" originx="1000" originy="-500" rotation="0" length="100" width="7.8740157480315" flipped="False">
      <text name="pinname" originx="970" originy="-500" style="Default" rotation="0" justify="right" flipped="False" hidden="False" data="MH3" />
      <text name="pindes" originx="1060" originy="-480" style="Default" rotation="0" justify="lowerleft" flipped="False" hidden="False" data="MH3" />
    </sympin>
    <sympin number="14" originx="1000" originy="-600" rotation="0" length="100" width="7.8740157480315" flipped="False">
      <text name="pinname" originx="970" originy="-600" style="Default" rotation="0" justify="right" flipped="False" hidden="False" data="MH4" />
      <text name="pindes" originx="1060" originy="-580" style="Default" rotation="0" justify="lowerleft" flipped="False" hidden="False" data="MH4" />
    </sympin>
  </symbol>
  <component name="THB001P" designatorprefix="S" height="781.49606299212" footprint="THB001P">
    <comppin designator="1" sympin="1" pinswap="0" gateswap="0" gate="1" group="1" side="" type="Any" name="1" />
    <comppin designator="2" sympin="2" pinswap="0" gateswap="0" gate="1" group="1" side="" type="Any" name="2" />
    <comppin designator="3" sympin="3" pinswap="0" gateswap="0" gate="1" group="1" side="" type="Any" name="3" />
    <comppin designator="11" sympin="11" pinswap="0" gateswap="0" gate="1" group="1" side="" type="Any" name="1&apos;" />
    <comppin designator="12" sympin="12" pinswap="0" gateswap="0" gate="1" group="1" side="" type="Any" name="2&apos;" />
    <comppin designator="13" sympin="13" pinswap="0" gateswap="0" gate="1" group="1" side="" type="Any" name="3&apos;" />
    <comppin designator="A1" sympin="7" pinswap="0" gateswap="0" gate="1" group="1" side="" type="Any" name="COM_1" />
    <comppin designator="B1" sympin="8" pinswap="0" gateswap="0" gate="1" group="1" side="" type="Any" name="COM_2" />
    <comppin designator="C1" sympin="9" pinswap="0" gateswap="0" gate="1" group="1" side="" type="Any" name="NO_1" />
    <comppin designator="D1" sympin="10" pinswap="0" gateswap="0" gate="1" group="1" side="" type="Any" name="NO_2" />
    <comppin designator="MH1" sympin="11" pinswap="0" gateswap="0" gate="1" group="1" side="" type="Any" name="MH1" />
    <comppin designator="MH2" sympin="12" pinswap="0" gateswap="0" gate="1" group="1" side="" type="Any" name="MH2" />
    <comppin designator="MH3" sympin="13" pinswap="0" gateswap="0" gate="1" group="1" side="" type="Any" name="MH3" />
    <comppin designator="MH4" sympin="14" pinswap="0" gateswap="0" gate="1" group="1" side="" type="Any" name="MH4" />
    <attached_symbol gate="1" name="THB001P" />
    <pinmap designator="1" footprintpin="1" />
    <pinmap designator="2" footprintpin="2" />
    <pinmap designator="3" footprintpin="3" />
    <pinmap designator="11" footprintpin="4" />
    <pinmap designator="12" footprintpin="5" />
    <pinmap designator="13" footprintpin="6" />
    <pinmap designator="A1" footprintpin="7" />
    <pinmap designator="B1" footprintpin="8" />
    <pinmap designator="C1" footprintpin="9" />
    <pinmap designator="D1" footprintpin="10" />
    <pinmap designator="MH1" footprintpin="11" />
    <pinmap designator="MH2" footprintpin="12" />
    <pinmap designator="MH3" footprintpin="13" />
    <pinmap designator="MH4" footprintpin="14" />
    <text name="Datasheet" originx="0" originy="0" style="Default" rotation="0" justify="" flipped="False" hidden="True" data="https://www.ckswitches.com/media/2873/thb.pdf" />
    <text name="Description" originx="0" originy="0" style="Default" rotation="0" justify="" flipped="False" hidden="True" data="THUMBSTICK, 0.05A, 12VDC, 2 AXIS, PCB; No. of Axes:2; Track Resistance:10kohm; Supply Voltage Max:-; No. of Switch Positions:-; Contact Current AC Max:-; Contact Voltage AC Max:50V; Rotation Electrical Angle:36" />
    <text name="Mouser Part Number" originx="0" originy="0" style="Default" rotation="0" justify="" flipped="False" hidden="True" data="611-THB001P" />
    <text name="Mouser Price/Stock" originx="0" originy="0" style="Default" rotation="0" justify="" flipped="False" hidden="True" data="https://www.mouser.co.uk/ProductDetail/CK/THB001P?qs=OlC7AqGiEDlMaVQ%2FEBrivA%3D%3D" />
    <text name="Manufacturer_Name" originx="0" originy="0" style="Default" rotation="0" justify="" flipped="False" hidden="True" data="C &amp; K COMPONENTS" />
    <text name="Manufacturer_Part_Number" originx="1050" originy="200" style="Default" rotation="0" justify="left" flipped="False" hidden="False" data="THB001P" />
  </component>
</quadcept_library>
